date,crimes
2014-01-01,1222
2014-01-02,485
2014-01-03,562
2014-01-04,577
2014-01-05,405
2014-01-06,367
2014-01-07,467
2014-01-08,599
2014-01-09,614
2014-01-10,635
2014-01-11,654
2014-01-12,688
2014-01-13,761
2014-01-14,688
2014-01-15,745
2014-01-16,689
2014-01-17,748
2014-01-18,663
2014-01-19,647
2014-01-20,695
2014-01-21,590
2014-01-22,625
2014-01-23,626
2014-01-24,688
2014-01-25,678
2014-01-26,596
2014-01-27,546
2014-01-28,595
2014-01-29,728
2014-01-30,752
2014-01-31,744
2014-02-01,791
2014-02-02,582
2014-02-03,677
2014-02-04,645
2014-02-05,561
2014-02-06,611
2014-02-07,693
2014-02-08,604
2014-02-09,649
2014-02-10,620
2014-02-11,596
2014-02-12,607
2014-02-13,644
2014-02-14,697
2014-02-15,639
2014-02-16,585
2014-02-17,598
2014-02-18,633
2014-02-19,710
2014-02-20,649
2014-02-21,718
2014-02-22,648
2014-02-23,632
2014-02-24,636
2014-02-25,650
2014-02-26,662
2014-02-27,613
2014-02-28,701
2014-03-01,737
2014-03-02,551
2014-03-03,593
2014-03-04,627
2014-03-05,637
2014-03-06,662
2014-03-07,757
2014-03-08,684
2014-03-09,622
2014-03-10,815
2014-03-11,699
2014-03-12,660
2014-03-13,717
2014-03-14,827
2014-03-15,845
2014-03-16,638
2014-03-17,704
2014-03-18,818
2014-03-19,762
2014-03-20,783
2014-03-21,802
2014-03-22,737
2014-03-23,648
2014-03-24,698
2014-03-25,702
2014-03-26,724
2014-03-27,719
2014-03-28,786
2014-03-29,771
2014-03-30,737
2014-03-31,736
2014-04-01,924
2014-04-02,725
2014-04-03,716
2014-04-04,811
2014-04-05,752
2014-04-06,709
2014-04-07,762
2014-04-08,750
2014-04-09,776
2014-04-10,811
2014-04-11,786
2014-04-12,872
2014-04-13,680
2014-04-14,689
2014-04-15,751
2014-04-16,772
2014-04-17,836
2014-04-18,787
2014-04-19,755
2014-04-20,689
2014-04-21,730
2014-04-22,737
2014-04-23,738
2014-04-24,769
2014-04-25,848
2014-04-26,778
2014-04-27,673
2014-04-28,725
2014-04-29,788
2014-04-30,799
2014-05-01,883
2014-05-02,865
2014-05-03,746
2014-05-04,721
2014-05-05,846
2014-05-06,825
2014-05-07,770
2014-05-08,768
2014-05-09,863
2014-05-10,817
2014-05-11,744
2014-05-12,813
2014-05-13,813
2014-05-14,790
2014-05-15,753
2014-05-16,842
2014-05-17,805
2014-05-18,859
2014-05-19,787
2014-05-20,764
2014-05-21,834
2014-05-22,789
2014-05-23,807
2014-05-24,759
2014-05-25,826
2014-05-26,779
2014-05-27,765
2014-05-28,801
2014-05-29,776
2014-05-30,828
2014-05-31,848
2014-06-01,1038
2014-06-02,877
2014-06-03,899
2014-06-04,776
2014-06-05,803
2014-06-06,859
2014-06-07,870
2014-06-08,773
2014-06-09,823
2014-06-10,673
2014-06-11,775
2014-06-12,822
2014-06-13,936
2014-06-14,843
2014-06-15,883
2014-06-16,872
2014-06-17,889
2014-06-18,771
2014-06-19,824
2014-06-20,888
2014-06-21,865
2014-06-22,867
2014-06-23,830
2014-06-24,862
2014-06-25,856
2014-06-26,826
2014-06-27,900
2014-06-28,853
2014-06-29,906
2014-06-30,801
2014-07-01,1015
2014-07-02,819
2014-07-03,886
2014-07-04,838
2014-07-05,898
2014-07-06,874
2014-07-07,899
2014-07-08,818
2014-07-09,854
2014-07-10,821
2014-07-11,943
2014-07-12,810
2014-07-13,849
2014-07-14,815
2014-07-15,817
2014-07-16,846
2014-07-17,809
2014-07-18,876
2014-07-19,868
2014-07-20,844
2014-07-21,810
2014-07-22,835
2014-07-23,862
2014-07-24,854
2014-07-25,925
2014-07-26,875
2014-07-27,890
2014-07-28,874
2014-07-29,805
2014-07-30,794
2014-07-31,861
2014-08-01,1083
2014-08-02,898
2014-08-03,847
2014-08-04,782
2014-08-05,825
2014-08-06,809
2014-08-07,843
2014-08-08,821
2014-08-09,887
2014-08-10,855
2014-08-11,875
2014-08-12,760
2014-08-13,857
2014-08-14,797
2014-08-15,863
2014-08-16,855
2014-08-17,861
2014-08-18,816
2014-08-19,776
2014-08-20,834
2014-08-21,778
2014-08-22,817
2014-08-23,822
2014-08-24,857
2014-08-25,778
2014-08-26,804
2014-08-27,783
2014-08-28,738
2014-08-29,885
2014-08-30,868
2014-08-31,831
2014-09-01,1014
2014-09-02,799
2014-09-03,723
2014-09-04,749
2014-09-05,844
2014-09-06,814
2014-09-07,824
2014-09-08,687
2014-09-09,788
2014-09-10,708
2014-09-11,748
2014-09-12,719
2014-09-13,685
2014-09-14,760
2014-09-15,739
2014-09-16,749
2014-09-17,796
2014-09-18,868
2014-09-19,878
2014-09-20,846
2014-09-21,791
2014-09-22,769
2014-09-23,836
2014-09-24,836
2014-09-25,752
2014-09-26,879
2014-09-27,891
2014-09-28,836
2014-09-29,800
2014-09-30,782
2014-10-01,978
2014-10-02,805
2014-10-03,779
2014-10-04,723
2014-10-05,717
2014-10-06,722
2014-10-07,759
2014-10-08,747
2014-10-09,686
2014-10-10,741
2014-10-11,801
2014-10-12,692
2014-10-13,705
2014-10-14,730
2014-10-15,773
2014-10-16,746
2014-10-17,867
2014-10-18,838
2014-10-19,744
2014-10-20,758
2014-10-21,778
2014-10-22,727
2014-10-23,777
2014-10-24,879
2014-10-25,803
2014-10-26,752
2014-10-27,812
2014-10-28,771
2014-10-29,797
2014-10-30,779
2014-10-31,824
2014-11-01,910
2014-11-02,727
2014-11-03,774
2014-11-04,776
2014-11-05,744
2014-11-06,669
2014-11-07,781
2014-11-08,746
2014-11-09,685
2014-11-10,776
2014-11-11,675
2014-11-12,595
2014-11-13,662
2014-11-14,754
2014-11-15,749
2014-11-16,675
2014-11-17,624
2014-11-18,624
2014-11-19,633
2014-11-20,633
2014-11-21,734
2014-11-22,728
2014-11-23,688
2014-11-24,592
2014-11-25,662
2014-11-26,677
2014-11-27,453
2014-11-28,606
2014-11-29,706
2014-11-30,722
2014-12-01,815
2014-12-02,650
2014-12-03,750
2014-12-04,691
2014-12-05,803
2014-12-06,661
2014-12-07,595
2014-12-08,709
2014-12-09,652
2014-12-10,726
2014-12-11,638
2014-12-12,728
2014-12-13,768
2014-12-14,714
2014-12-15,729
2014-12-16,661
2014-12-17,736
2014-12-18,667
2014-12-19,768
2014-12-20,740
2014-12-21,650
2014-12-22,647
2014-12-23,674
2014-12-24,568
2014-12-25,439
2014-12-26,626
2014-12-27,717
2014-12-28,632
2014-12-29,678
2014-12-30,571
2014-12-31,585
2015-01-01,1260
2015-01-02,674
2015-01-03,649
2015-01-04,514
2015-01-05,524
2015-01-06,502
2015-01-07,475
2015-01-08,448
2015-01-09,590
2015-01-10,647
2015-01-11,651
2015-01-12,608
2015-01-13,612
2015-01-14,675
2015-01-15,763
2015-01-16,710
2015-01-17,741
2015-01-18,699
2015-01-19,709
2015-01-20,793
2015-01-21,746
2015-01-22,752
2015-01-23,800
2015-01-24,756
2015-01-25,646
2015-01-26,656
2015-01-27,675
2015-01-28,647
2015-01-29,706
2015-01-30,714
2015-01-31,636
2015-02-01,564
2015-02-02,473
2015-02-03,513
2015-02-04,577
2015-02-05,572
2015-02-06,698
2015-02-07,679
2015-02-08,616
2015-02-09,607
2015-02-10,629
2015-02-11,606
2015-02-12,611
2015-02-13,632
2015-02-14,597
2015-02-15,553
2015-02-16,539
2015-02-17,597
2015-02-18,511
2015-02-19,463
2015-02-20,652
2015-02-21,652
2015-02-22,593
2015-02-23,572
2015-02-24,628
2015-02-25,572
2015-02-26,518
2015-02-27,639
2015-02-28,545
2015-03-01,758
2015-03-02,659
2015-03-03,636
2015-03-04,563
2015-03-05,613
2015-03-06,712
2015-03-07,696
2015-03-08,625
2015-03-09,726
2015-03-10,754
2015-03-11,746
2015-03-12,752
2015-03-13,814
2015-03-14,798
2015-03-15,778
2015-03-16,778
2015-03-17,692
2015-03-18,690
2015-03-19,718
2015-03-20,777
2015-03-21,689
2015-03-22,656
2015-03-23,592
2015-03-24,639
2015-03-25,724
2015-03-26,684
2015-03-27,726
2015-03-28,657
2015-03-29,619
2015-03-30,719
2015-03-31,694
2015-04-01,932
2015-04-02,794
2015-04-03,710
2015-04-04,695
2015-04-05,674
2015-04-06,676
2015-04-07,604
2015-04-08,679
2015-04-09,648
2015-04-10,714
2015-04-11,720
2015-04-12,773
2015-04-13,735
2015-04-14,767
2015-04-15,803
2015-04-16,689
2015-04-17,785
2015-04-18,769
2015-04-19,702
2015-04-20,744
2015-04-21,664
2015-04-22,683
2015-04-23,732
2015-04-24,761
2015-04-25,695
2015-04-26,718
2015-04-27,722
2015-04-28,719
2015-04-29,766
2015-04-30,666
2015-05-01,952
2015-05-02,688
2015-05-03,745
2015-05-04,779
2015-05-05,697
2015-05-06,740
2015-05-07,826
2015-05-08,808
2015-05-09,685
2015-05-10,741
2015-05-11,749
2015-05-12,757
2015-05-13,767
2015-05-14,756
2015-05-15,826
2015-05-16,883
2015-05-17,836
2015-05-18,758
2015-05-19,709
2015-05-20,731
2015-05-21,745
2015-05-22,824
2015-05-23,799
2015-05-24,687
2015-05-25,708
2015-05-26,770
2015-05-27,739
2015-05-28,800
2015-05-29,828
2015-05-30,719
2015-05-31,666
2015-06-01,957
2015-06-02,772
2015-06-03,779
2015-06-04,721
2015-06-05,786
2015-06-06,758
2015-06-07,739
2015-06-08,682
2015-06-09,732
2015-06-10,793
2015-06-11,804
2015-06-12,828
2015-06-13,813
2015-06-14,797
2015-06-15,740
2015-06-16,848
2015-06-17,723
2015-06-18,769
2015-06-19,774
2015-06-20,766
2015-06-21,783
2015-06-22,780
2015-06-23,732
2015-06-24,730
2015-06-25,784
2015-06-26,784
2015-06-27,723
2015-06-28,797
2015-06-29,752
2015-06-30,749
2015-07-01,898
2015-07-02,757
2015-07-03,768
2015-07-04,842
2015-07-05,897
2015-07-06,757
2015-07-07,701
2015-07-08,718
2015-07-09,672
2015-07-10,740
2015-07-11,799
2015-07-12,801
2015-07-13,782
2015-07-14,711
2015-07-15,795
2015-07-16,673
2015-07-17,824
2015-07-18,776
2015-07-19,764
2015-07-20,778
2015-07-21,777
2015-07-22,774
2015-07-23,811
2015-07-24,867
2015-07-25,832
2015-07-26,801
2015-07-27,835
2015-07-28,767
2015-07-29,764
2015-07-30,775
2015-07-31,782
2015-08-01,1048
2015-08-02,822
2015-08-03,729
2015-08-04,761
2015-08-05,772
2015-08-06,809
2015-08-07,839
2015-08-08,849
2015-08-09,745
2015-08-10,810
2015-08-11,791
2015-08-12,760
2015-08-13,784
2015-08-14,808
2015-08-15,827
2015-08-16,865
2015-08-17,741
2015-08-18,762
2015-08-19,794
2015-08-20,840
2015-08-21,858
2015-08-22,845
2015-08-23,806
2015-08-24,724
2015-08-25,768
2015-08-26,791
2015-08-27,764
2015-08-28,806
2015-08-29,761
2015-08-30,802
2015-08-31,745
2015-09-01,960
2015-09-02,800
2015-09-03,875
2015-09-04,815
2015-09-05,767
2015-09-06,818
2015-09-07,808
2015-09-08,717
2015-09-09,712
2015-09-10,660
2015-09-11,692
2015-09-12,724
2015-09-13,734
2015-09-14,791
2015-09-15,813
2015-09-16,766
2015-09-17,717
2015-09-18,791
2015-09-19,792
2015-09-20,811
2015-09-21,735
2015-09-22,777
2015-09-23,834
2015-09-24,719
2015-09-25,813
2015-09-26,792
2015-09-27,803
2015-09-28,752
2015-09-29,668
2015-09-30,678
2015-10-01,896
2015-10-02,800
2015-10-03,709
2015-10-04,654
2015-10-05,756
2015-10-06,752
2015-10-07,718
2015-10-08,701
2015-10-09,795
2015-10-10,729
2015-10-11,735
2015-10-12,733
2015-10-13,741
2015-10-14,764
2015-10-15,817
2015-10-16,734
2015-10-17,706
2015-10-18,675
2015-10-19,788
2015-10-20,785
2015-10-21,794
2015-10-22,775
2015-10-23,777
2015-10-24,765
2015-10-25,729
2015-10-26,782
2015-10-27,651
2015-10-28,682
2015-10-29,669
2015-10-30,776
2015-10-31,721
2015-11-01,998
2015-11-02,785
2015-11-03,750
2015-11-04,791
2015-11-05,755
2015-11-06,747
2015-11-07,691
2015-11-08,705
2015-11-09,685
2015-11-10,642
2015-11-11,688
2015-11-12,693
2015-11-13,679
2015-11-14,697
2015-11-15,723
2015-11-16,744
2015-11-17,668
2015-11-18,684
2015-11-19,697
2015-11-20,714
2015-11-21,528
2015-11-22,520
2015-11-23,650
2015-11-24,607
2015-11-25,620
2015-11-26,591
2015-11-27,613
2015-11-28,659
2015-11-29,612
2015-11-30,668
2015-12-01,799
2015-12-02,716
2015-12-03,711
2015-12-04,700
2015-12-05,707
2015-12-06,688
2015-12-07,689
2015-12-08,733
2015-12-09,685
2015-12-10,691
2015-12-11,742
2015-12-12,752
2015-12-13,651
2015-12-14,739
2015-12-15,794
2015-12-16,722
2015-12-17,728
2015-12-18,653
2015-12-19,666
2015-12-20,693
2015-12-21,650
2015-12-22,694
2015-12-23,754
2015-12-24,676
2015-12-25,498
2015-12-26,640
2015-12-27,626
2015-12-28,516
2015-12-29,624
2015-12-30,603
2015-12-31,611
2016-01-01,1188
2016-01-02,576
2016-01-03,618
2016-01-04,626
2016-01-05,626
2016-01-06,628
2016-01-07,709
2016-01-08,744
2016-01-09,650
2016-01-10,597
2016-01-11,513
2016-01-12,548
2016-01-13,654
2016-01-14,734
2016-01-15,734
2016-01-16,653
2016-01-17,537
2016-01-18,515
2016-01-19,610
2016-01-20,620
2016-01-21,634
2016-01-22,701
2016-01-23,723
2016-01-24,677
2016-01-25,744
2016-01-26,640
2016-01-27,669
2016-01-28,752
2016-01-29,746
2016-01-30,743
2016-01-31,666
2016-02-01,854
2016-02-02,615
2016-02-03,682
2016-02-04,665
2016-02-05,660
2016-02-06,697
2016-02-07,617
2016-02-08,571
2016-02-09,545
2016-02-10,566
2016-02-11,582
2016-02-12,648
2016-02-13,597
2016-02-14,513
2016-02-15,554
2016-02-16,625
2016-02-17,641
2016-02-18,681
2016-02-19,776
2016-02-20,702
2016-02-21,708
2016-02-22,639
2016-02-23,630
2016-02-24,578
2016-02-25,701
2016-02-26,740
2016-02-27,692
2016-02-28,625
2016-02-29,646
2016-03-01,820
2016-03-02,610
2016-03-03,617
2016-03-04,704
2016-03-05,701
2016-03-06,714
2016-03-07,795
2016-03-08,724
2016-03-09,680
2016-03-10,716
2016-03-11,733
2016-03-12,746
2016-03-13,628
2016-03-14,686
2016-03-15,713
2016-03-16,745
2016-03-17,739
2016-03-18,791
2016-03-19,701
2016-03-20,686
2016-03-21,699
2016-03-22,722
2016-03-23,686
2016-03-24,677
2016-03-25,717
2016-03-26,735
2016-03-27,631
2016-03-28,742
2016-03-29,740
2016-03-30,716
2016-03-31,753
2016-04-01,833
2016-04-02,651
2016-04-03,706
2016-04-04,661
2016-04-05,677
2016-04-06,660
2016-04-07,743
2016-04-08,626
2016-04-09,689
2016-04-10,705
2016-04-11,676
2016-04-12,701
2016-04-13,716
2016-04-14,690
2016-04-15,811
2016-04-16,734
2016-04-17,709
2016-04-18,738
2016-04-19,703
2016-04-20,690
2016-04-21,714
2016-04-22,732
2016-04-23,694
2016-04-24,756
2016-04-25,758
2016-04-26,693
2016-04-27,661
2016-04-28,733
2016-04-29,719
2016-04-30,605
2016-05-01,824
2016-05-02,757
2016-05-03,735
2016-05-04,682
2016-05-05,701
2016-05-06,794
2016-05-07,742
2016-05-08,730
2016-05-09,731
2016-05-10,713
2016-05-11,757
2016-05-12,690
2016-05-13,808
2016-05-14,723
2016-05-15,741
2016-05-16,782
2016-05-17,692
2016-05-18,801
2016-05-19,765
2016-05-20,805
2016-05-21,792
2016-05-22,750
2016-05-23,782
2016-05-24,803
2016-05-25,721
2016-05-26,767
2016-05-27,800
2016-05-28,791
2016-05-29,798
2016-05-30,820
2016-05-31,757
2016-06-01,942
2016-06-02,800
2016-06-03,822
2016-06-04,827
2016-06-05,778
2016-06-06,792
2016-06-07,754
2016-06-08,744
2016-06-09,727
2016-06-10,765
2016-06-11,816
2016-06-12,851
2016-06-13,795
2016-06-14,837
2016-06-15,791
2016-06-16,821
2016-06-17,830
2016-06-18,763
2016-06-19,811
2016-06-20,858
2016-06-21,825
2016-06-22,750
2016-06-23,801
2016-06-24,807
2016-06-25,813
2016-06-26,775
2016-06-27,771
2016-06-28,767
2016-06-29,805
2016-06-30,847
2016-07-01,966
2016-07-02,757
2016-07-03,782
2016-07-04,848
2016-07-05,895
2016-07-06,742
2016-07-07,790
2016-07-08,791
2016-07-09,729
2016-07-10,760
2016-07-11,701
2016-07-12,779
2016-07-13,726
2016-07-14,769
2016-07-15,846
2016-07-16,780
2016-07-17,789
2016-07-18,799
2016-07-19,791
2016-07-20,824
2016-07-21,785
2016-07-22,792
2016-07-23,814
2016-07-24,790
2016-07-25,827
2016-07-26,877
2016-07-27,795
2016-07-28,773
2016-07-29,802
2016-07-30,927
2016-07-31,813
2016-08-01,885
2016-08-02,793
2016-08-03,772
2016-08-04,794
2016-08-05,863
2016-08-06,828
2016-08-07,838
2016-08-08,804
2016-08-09,725
2016-08-10,722
2016-08-11,852
2016-08-12,746
2016-08-13,827
2016-08-14,843
2016-08-15,846
2016-08-16,817
2016-08-17,862
2016-08-18,768
2016-08-19,793
2016-08-20,845
2016-08-21,787
2016-08-22,728
2016-08-23,750
2016-08-24,823
2016-08-25,770
2016-08-26,803
2016-08-27,817
2016-08-28,805
2016-08-29,885
2016-08-30,757
2016-08-31,781
2016-09-01,1040
2016-09-02,800
2016-09-03,832
2016-09-04,779
2016-09-05,820
2016-09-06,761
2016-09-07,723
2016-09-08,795
2016-09-09,818
2016-09-10,769
2016-09-11,758
2016-09-12,793
2016-09-13,786
2016-09-14,820
2016-09-15,823
2016-09-16,807
2016-09-17,834
2016-09-18,781
2016-09-19,713
2016-09-20,792
2016-09-21,731
2016-09-22,831
2016-09-23,845
2016-09-24,833
2016-09-25,809
2016-09-26,764
2016-09-27,735
2016-09-28,636
2016-09-29,702
2016-09-30,773
2016-10-01,864
2016-10-02,708
2016-10-03,773
2016-10-04,743
2016-10-05,805
2016-10-06,755
2016-10-07,863
2016-10-08,715
2016-10-09,684
2016-10-10,725
2016-10-11,697
2016-10-12,746
2016-10-13,694
2016-10-14,820
2016-10-15,823
2016-10-16,791
2016-10-17,817
2016-10-18,774
2016-10-19,712
2016-10-20,717
2016-10-21,761
2016-10-22,774
2016-10-23,785
2016-10-24,771
2016-10-25,736
2016-10-26,699
2016-10-27,731
2016-10-28,801
2016-10-29,831
2016-10-30,785
2016-10-31,867
2016-11-01,912
2016-11-02,749
2016-11-03,782
2016-11-04,783
2016-11-05,821
2016-11-06,753
2016-11-07,738
2016-11-08,644
2016-11-09,680
2016-11-10,723
2016-11-11,798
2016-11-12,780
2016-11-13,660
2016-11-14,670
2016-11-15,712
2016-11-16,770
2016-11-17,811
2016-11-18,794
2016-11-19,678
2016-11-20,663
2016-11-21,683
2016-11-22,723
2016-11-23,699
2016-11-24,534
2016-11-25,689
2016-11-26,719
2016-11-27,693
2016-11-28,692
2016-11-29,698
2016-11-30,697
2016-12-01,822
2016-12-02,835
2016-12-03,758
2016-12-04,595
2016-12-05,677
2016-12-06,688
2016-12-07,660
2016-12-08,606
2016-12-09,668
2016-12-10,612
2016-12-11,512
2016-12-12,629
2016-12-13,575
2016-12-14,611
2016-12-15,580
2016-12-16,695
2016-12-17,612
2016-12-18,526
2016-12-19,660
2016-12-20,693
2016-12-21,729
2016-12-22,703
2016-12-23,727
2016-12-24,604
2016-12-25,487
2016-12-26,647
2016-12-27,663
2016-12-28,722
2016-12-29,647
2016-12-30,742
2016-12-31,704
2017-01-01,1238
2017-01-02,613
2017-01-03,719
2017-01-04,614
2017-01-05,611
2017-01-06,601
2017-01-07,618
2017-01-08,591
2017-01-09,713
2017-01-10,705
2017-01-11,664
2017-01-12,644
2017-01-13,800
2017-01-14,685
2017-01-15,656
2017-01-16,652
2017-01-17,705
2017-01-18,707
2017-01-19,738
2017-01-20,783
2017-01-21,787
2017-01-22,742
2017-01-23,789
2017-01-24,735
2017-01-25,748
2017-01-26,675
2017-01-27,784
2017-01-28,731
2017-01-29,634
2017-01-30,757
2017-01-31,735
2017-02-01,847
2017-02-02,672
2017-02-03,670
2017-02-04,639
2017-02-05,695
2017-02-06,761
2017-02-07,694
2017-02-08,666
2017-02-09,668
2017-02-10,745
2017-02-11,705
2017-02-12,679
2017-02-13,718
2017-02-14,712
2017-02-15,673
2017-02-16,671
2017-02-17,834
2017-02-18,749
2017-02-19,674
2017-02-20,711
2017-02-21,680
2017-02-22,702
2017-02-23,654
2017-02-24,660
2017-02-25,598
2017-02-26,576
2017-02-27,633
2017-02-28,631
2017-03-01,745
2017-03-02,629
2017-03-03,673
2017-03-04,633
2017-03-05,662
2017-03-06,683
2017-03-07,684
2017-03-08,667
2017-03-09,676
2017-03-10,665
2017-03-11,660
2017-03-12,552
2017-03-13,539
2017-03-14,474
2017-03-15,609
2017-03-16,669
2017-03-17,709
2017-03-18,674
2017-03-19,605
2017-03-20,696
2017-03-21,651
2017-03-22,647
2017-03-23,666
2017-03-24,780
2017-03-25,695
2017-03-26,702
2017-03-27,722
2017-03-28,673
2017-03-29,669
2017-03-30,688
2017-03-31,776
2017-04-01,835
2017-04-02,690
2017-04-03,698
2017-04-04,713
2017-04-05,633
2017-04-06,668
2017-04-07,705
2017-04-08,696
2017-04-09,761
2017-04-10,683
2017-04-11,704
2017-04-12,728
2017-04-13,665
2017-04-14,773
2017-04-15,818
2017-04-16,687
2017-04-17,753
2017-04-18,734
2017-04-19,759
2017-04-20,713
2017-04-21,815
2017-04-22,701
2017-04-23,703
2017-04-24,736
2017-04-25,758
2017-04-26,758
2017-04-27,716
2017-04-28,832
2017-04-29,616
2017-04-30,657
2017-05-01,864
2017-05-02,689
2017-05-03,739
2017-05-04,741
2017-05-05,800
2017-05-06,713
2017-05-07,629
2017-05-08,706
2017-05-09,707
2017-05-10,663
2017-05-11,738
2017-05-12,848
2017-05-13,724
2017-05-14,711
2017-05-15,872
2017-05-16,748
2017-05-17,835
2017-05-18,776
2017-05-19,776
2017-05-20,664
2017-05-21,791
2017-05-22,797
2017-05-23,739
2017-05-24,762
2017-05-25,763
2017-05-26,769
2017-05-27,800
2017-05-28,705
2017-05-29,768
2017-05-30,814
2017-05-31,740
2017-06-01,896
2017-06-02,841
2017-06-03,824
2017-06-04,820
2017-06-05,737
2017-06-06,826
2017-06-07,787
2017-06-08,769
2017-06-09,816
2017-06-10,785
2017-06-11,813
2017-06-12,742
2017-06-13,809
2017-06-14,769
2017-06-15,824
2017-06-16,835
2017-06-17,827
2017-06-18,785
2017-06-19,747
2017-06-20,803
2017-06-21,787
2017-06-22,818
2017-06-23,778
2017-06-24,819
2017-06-25,796
2017-06-26,789
2017-06-27,772
2017-06-28,707
2017-06-29,776
2017-06-30,776
2017-07-01,936
2017-07-02,779
2017-07-03,864
2017-07-04,796
2017-07-05,858
2017-07-06,782
2017-07-07,758
2017-07-08,759
2017-07-09,823
2017-07-10,780
2017-07-11,769
2017-07-12,691
2017-07-13,819
2017-07-14,799
2017-07-15,890
2017-07-16,812
2017-07-17,848
2017-07-18,792
2017-07-19,770
2017-07-20,761
2017-07-21,758
2017-07-22,755
2017-07-23,842
2017-07-24,782
2017-07-25,850
2017-07-26,753
2017-07-27,790
2017-07-28,851
2017-07-29,800
2017-07-30,818
2017-07-31,795
2017-08-01,963
2017-08-02,774
2017-08-03,849
2017-08-04,925
2017-08-05,928
2017-08-06,865
2017-08-07,773
2017-08-08,769
2017-08-09,770
2017-08-10,789
2017-08-11,766
2017-08-12,813
2017-08-13,727
2017-08-14,817
2017-08-15,795
2017-08-16,796
2017-08-17,769
2017-08-18,860
2017-08-19,892
2017-08-20,776
2017-08-21,754
2017-08-22,780
2017-08-23,748
2017-08-24,801
2017-08-25,772
2017-08-26,781
2017-08-27,756
2017-08-28,688
2017-08-29,724
2017-08-30,788
2017-08-31,736
2017-09-01,922
2017-09-02,772
2017-09-03,757
2017-09-04,716
2017-09-05,706
2017-09-06,648
2017-09-07,729
2017-09-08,703
2017-09-09,734
2017-09-10,740
2017-09-11,691
2017-09-12,726
2017-09-13,706
2017-09-14,734
2017-09-15,806
2017-09-16,826
2017-09-17,812
2017-09-18,772
2017-09-19,709
2017-09-20,827
2017-09-21,807
2017-09-22,798
2017-09-23,830
2017-09-24,811
2017-09-25,821
2017-09-26,749
2017-09-27,726
2017-09-28,717
2017-09-29,809
2017-09-30,746
2017-10-01,857
2017-10-02,754
2017-10-03,738
2017-10-04,743
2017-10-05,747
2017-10-06,748
2017-10-07,711
2017-10-08,718
2017-10-09,746
2017-10-10,705
2017-10-11,617
2017-10-12,765
2017-10-13,769
2017-10-14,647
2017-10-15,639
2017-10-16,764
2017-10-17,719
2017-10-18,774
2017-10-19,774
2017-10-20,850
2017-10-21,816
2017-10-22,739
2017-10-23,741
2017-10-24,689
2017-10-25,714
2017-10-26,755
2017-10-27,818
2017-10-28,717
2017-10-29,696
2017-10-30,708
2017-10-31,758
2017-11-01,829
2017-11-02,723
2017-11-03,789
2017-11-04,757
2017-11-05,773
2017-11-06,717
2017-11-07,678
2017-11-08,758
2017-11-09,656
2017-11-10,678
2017-11-11,688
2017-11-12,665
2017-11-13,718
2017-11-14,700
2017-11-15,710
2017-11-16,765
2017-11-17,741
2017-11-18,698
2017-11-19,690
2017-11-20,762
2017-11-21,673
2017-11-22,656
2017-11-23,543
2017-11-24,683
2017-11-25,714
2017-11-26,666
2017-11-27,774
2017-11-28,784
2017-11-29,772
2017-11-30,751
2017-12-01,921
2017-12-02,758
2017-12-03,677
2017-12-04,809
2017-12-05,713
2017-12-06,711
2017-12-07,625
2017-12-08,736
2017-12-09,659
2017-12-10,664
2017-12-11,740
2017-12-12,685
2017-12-13,700
2017-12-14,718
2017-12-15,768
2017-12-16,772
2017-12-17,731
2017-12-18,727
2017-12-19,765
2017-12-20,704
2017-12-21,748
2017-12-22,784
2017-12-23,714
2017-12-24,504
2017-12-25,394
2017-12-26,527
2017-12-27,523
2017-12-28,601
2017-12-29,575
2017-12-30,621
2017-12-31,541
2018-01-01,999
2018-01-02,562
2018-01-03,576
2018-01-04,602
2018-01-05,666
2018-01-06,588
2018-01-07,534
2018-01-08,623
2018-01-09,652
2018-01-10,720
2018-01-11,701
2018-01-12,707
2018-01-13,617
2018-01-14,565
2018-01-15,531
2018-01-16,614
2018-01-17,649
2018-01-18,625
2018-01-19,709
2018-01-20,731
2018-01-21,717
2018-01-22,724
2018-01-23,719
2018-01-24,614
2018-01-25,641
2018-01-26,763
2018-01-27,754
2018-01-28,672
2018-01-29,652
2018-01-30,637
2018-01-31,707
2018-02-01,744
2018-02-02,674
2018-02-03,630
2018-02-04,513
2018-02-05,543
2018-02-06,587
2018-02-07,543
2018-02-08,558
2018-02-09,506
2018-02-10,534
2018-02-11,538
2018-02-12,573
2018-02-13,647
2018-02-14,662
2018-02-15,700
2018-02-16,664
2018-02-17,604
2018-02-18,588
2018-02-19,624
2018-02-20,647
2018-02-21,641
2018-02-22,677
2018-02-23,671
2018-02-24,681
2018-02-25,657
2018-02-26,625
2018-02-27,692
2018-02-28,647
2018-03-01,839
2018-03-02,692
2018-03-03,665
2018-03-04,649
2018-03-05,665
2018-03-06,653
2018-03-07,656
2018-03-08,660
2018-03-09,745
2018-03-10,684
2018-03-11,620
2018-03-12,662
2018-03-13,639
2018-03-14,665
2018-03-15,692
2018-03-16,704
2018-03-17,778
2018-03-18,690
2018-03-19,660
2018-03-20,712
2018-03-21,690
2018-03-22,671
2018-03-23,752
2018-03-24,650
2018-03-25,677
2018-03-26,697
2018-03-27,675
2018-03-28,689
2018-03-29,629
2018-03-30,704
2018-03-31,690
2018-04-01,743
2018-04-02,674
2018-04-03,605
2018-04-04,701
2018-04-05,674
2018-04-06,696
2018-04-07,635
2018-04-08,618
2018-04-09,663
2018-04-10,715
2018-04-11,771
2018-04-12,751
2018-04-13,781
2018-04-14,689
2018-04-15,603
2018-04-16,733
2018-04-17,699
2018-04-18,628
2018-04-19,725
2018-04-20,804
2018-04-21,677
2018-04-22,699
2018-04-23,716
2018-04-24,713
2018-04-25,750
2018-04-26,733
2018-04-27,773
2018-04-28,680
2018-04-29,725
2018-04-30,791
2018-05-01,1016
2018-05-02,790
2018-05-03,742
2018-05-04,815
2018-05-05,853
2018-05-06,716
2018-05-07,805
2018-05-08,807
2018-05-09,792
2018-05-10,779
2018-05-11,729
2018-05-12,700
2018-05-13,690
2018-05-14,788
2018-05-15,744
2018-05-16,759
2018-05-17,799
2018-05-18,801
2018-05-19,759
2018-05-20,766
2018-05-21,714
2018-05-22,797
2018-05-23,781
2018-05-24,821
2018-05-25,806
2018-05-26,856
2018-05-27,884
2018-05-28,889
2018-05-29,876
2018-05-30,847
2018-05-31,842
2018-06-01,1024
2018-06-02,820
2018-06-03,835
2018-06-04,791
2018-06-05,753
2018-06-06,814
2018-06-07,768
2018-06-08,773
2018-06-09,816
2018-06-10,734
2018-06-11,749
2018-06-12,795
2018-06-13,751
2018-06-14,759
2018-06-15,843
2018-06-16,826
2018-06-17,828
2018-06-18,847
2018-06-19,795
2018-06-20,893
2018-06-21,668
2018-06-22,724
2018-06-23,840
2018-06-24,870
2018-06-25,854
2018-06-26,794
2018-06-27,829
2018-06-28,822
2018-06-29,781
2018-06-30,867
2018-07-01,990
2018-07-02,860
2018-07-03,826
2018-07-04,831
2018-07-05,843
2018-07-06,892
2018-07-07,831
2018-07-08,827
2018-07-09,802
2018-07-10,811
2018-07-11,737
2018-07-12,801
2018-07-13,819
2018-07-14,788
2018-07-15,812
2018-07-16,786
2018-07-17,747
2018-07-18,840
2018-07-19,779
2018-07-20,824
2018-07-21,800
2018-07-22,794
2018-07-23,847
2018-07-24,800
2018-07-25,810
2018-07-26,802
2018-07-27,800
2018-07-28,808
2018-07-29,776
2018-07-30,782
2018-07-31,830
2018-08-01,947
2018-08-02,855
2018-08-03,892
2018-08-04,906
2018-08-05,860
2018-08-06,804
2018-08-07,786
2018-08-08,792
2018-08-09,769
2018-08-10,858
2018-08-11,861
2018-08-12,843
2018-08-13,824
2018-08-14,829
2018-08-15,801
2018-08-16,836
2018-08-17,810
2018-08-18,912
2018-08-19,793
2018-08-20,747
2018-08-21,722
2018-08-22,851
2018-08-23,729
2018-08-24,792
2018-08-25,839
2018-08-26,793
2018-08-27,825
2018-08-28,806
2018-08-29,752
2018-08-30,823
2018-08-31,834
2018-09-01,985
2018-09-02,832
2018-09-03,778
2018-09-04,821
2018-09-05,718
2018-09-06,742
2018-09-07,730
2018-09-08,792
2018-09-09,666
2018-09-10,718
2018-09-11,692
2018-09-12,714
2018-09-13,688
2018-09-14,869
2018-09-15,810
2018-09-16,820
2018-09-17,786
2018-09-18,738
2018-09-19,762
2018-09-20,832
2018-09-21,826
2018-09-22,800
2018-09-23,739
2018-09-24,796
2018-09-25,752
2018-09-26,753
2018-09-27,708
2018-09-28,795
2018-09-29,733
2018-09-30,744
2018-10-01,923
2018-10-02,718
2018-10-03,677
2018-10-04,698
2018-10-05,654
2018-10-06,726
2018-10-07,718
2018-10-08,743
2018-10-09,746
2018-10-10,724
2018-10-11,680
2018-10-12,708
2018-10-13,744
2018-10-14,703
2018-10-15,706
2018-10-16,669
2018-10-17,690
2018-10-18,726
2018-10-19,766
2018-10-20,806
2018-10-21,644
2018-10-22,715
2018-10-23,736
2018-10-24,806
2018-10-25,723
2018-10-26,829
2018-10-27,788
2018-10-28,717
2018-10-29,724
2018-10-30,769
2018-10-31,887
2018-11-01,941
2018-11-02,786
2018-11-03,784
2018-11-04,685
2018-11-05,706
2018-11-06,765
2018-11-07,685
2018-11-08,676
2018-11-09,720
2018-11-10,652
2018-11-11,648
2018-11-12,687
2018-11-13,612
2018-11-14,640
2018-11-15,693
2018-11-16,733
2018-11-17,671
2018-11-18,630
2018-11-19,637
2018-11-20,702
2018-11-21,740
2018-11-22,541
2018-11-23,752
2018-11-24,697
2018-11-25,576
2018-11-26,562
2018-11-27,637
2018-11-28,715
2018-11-29,677
2018-11-30,753
2018-12-01,822
2018-12-02,711
2018-12-03,771
2018-12-04,724
2018-12-05,714
2018-12-06,720
2018-12-07,752
2018-12-08,739
2018-12-09,691
2018-12-10,718
2018-12-11,672
2018-12-12,762
2018-12-13,713
2018-12-14,795
2018-12-15,746
2018-12-16,751
2018-12-17,712
2018-12-18,719
2018-12-19,741
2018-12-20,788
2018-12-21,803
2018-12-22,762
2018-12-23,637
2018-12-24,610
2018-12-25,449
2018-12-26,631
2018-12-27,628
2018-12-28,725
2018-12-29,699
2018-12-30,671
2018-12-31,649
2019-01-01,1108
2019-01-02,655
2019-01-03,753
2019-01-04,769
2019-01-05,793
2019-01-06,665
2019-01-07,677
2019-01-08,702
2019-01-09,632
2019-01-10,687
2019-01-11,785
2019-01-12,674
2019-01-13,573
2019-01-14,637
2019-01-15,698
2019-01-16,702
2019-01-17,653
2019-01-18,669
2019-01-19,523
2019-01-20,493
2019-01-21,557
2019-01-22,626
2019-01-23,662
2019-01-24,610
2019-01-25,587
2019-01-26,533
2019-01-27,524
2019-01-28,522
2019-01-29,494
2019-01-30,343
2019-01-31,460
2019-02-01,775
2019-02-02,723
2019-02-03,595
2019-02-04,736
2019-02-05,655
2019-02-06,637
2019-02-07,670
2019-02-08,643
2019-02-09,757
2019-02-10,638
2019-02-11,627
2019-02-12,666
2019-02-13,643
2019-02-14,742
2019-02-15,742
2019-02-16,677
2019-02-17,618
2019-02-18,590
2019-02-19,615
2019-02-20,635
2019-02-21,696
2019-02-22,712
2019-02-23,647
2019-02-24,547
2019-02-25,598
2019-02-26,610
2019-02-27,649
2019-02-28,596
2019-03-01,762
2019-03-02,665
2019-03-03,552
2019-03-04,545
2019-03-05,542
2019-03-06,629
2019-03-07,610
2019-03-08,718
2019-03-09,619
2019-03-10,612
2019-03-11,700
2019-03-12,628
2019-03-13,688
2019-03-14,676
2019-03-15,735
2019-03-16,766
2019-03-17,612
2019-03-18,651
2019-03-19,644
2019-03-20,694
2019-03-21,690
2019-03-22,710
2019-03-23,691
2019-03-24,649
2019-03-25,640
2019-03-26,672
2019-03-27,698
2019-03-28,683
2019-03-29,675
2019-03-30,663
2019-03-31,637
2019-04-01,797
2019-04-02,657
2019-04-03,679
2019-04-04,663
2019-04-05,706
2019-04-06,743
2019-04-07,703
2019-04-08,745
2019-04-09,695
2019-04-10,658
2019-04-11,747
2019-04-12,781
2019-04-13,754
2019-04-14,537
2019-04-15,725
2019-04-16,708
2019-04-17,693
2019-04-18,628
2019-04-19,650
2019-04-20,730
2019-04-21,646
2019-04-22,736
2019-04-23,743
2019-04-24,702
2019-04-25,768
2019-04-26,761
2019-04-27,629
2019-04-28,606
2019-04-29,718
2019-04-30,729
2019-05-01,825
2019-05-02,700
2019-05-03,792
2019-05-04,700
2019-05-05,779
2019-05-06,792
2019-05-07,700
2019-05-08,759
2019-05-09,737
2019-05-10,798
2019-05-11,696
2019-05-12,632
2019-05-13,791
2019-05-14,720
2019-05-15,766
2019-05-16,740
2019-05-17,775
2019-05-18,758
2019-05-19,775
2019-05-20,809
2019-05-21,729
2019-05-22,773
2019-05-23,772
2019-05-24,847
2019-05-25,876
2019-05-26,826
2019-05-27,747
2019-05-28,747
2019-05-29,738
2019-05-30,746
2019-05-31,832
2019-06-01,930
2019-06-02,736
2019-06-03,706
2019-06-04,772
2019-06-05,791
2019-06-06,741
2019-06-07,824
2019-06-08,888
2019-06-09,806
2019-06-10,799
2019-06-11,778
2019-06-12,715
2019-06-13,702
2019-06-14,806
2019-06-15,832
2019-06-16,722
2019-06-17,753
2019-06-18,716
2019-06-19,808
2019-06-20,733
2019-06-21,781
2019-06-22,826
2019-06-23,810
2019-06-24,810
2019-06-25,784
2019-06-26,799
2019-06-27,750
2019-06-28,847
2019-06-29,864
2019-06-30,806
2019-07-01,915
2019-07-02,769
2019-07-03,808
2019-07-04,800
2019-07-05,892
2019-07-06,816
2019-07-07,776
2019-07-08,835
2019-07-09,743
2019-07-10,838
2019-07-11,765
2019-07-12,788
2019-07-13,892
2019-07-14,790
2019-07-15,823
2019-07-16,756
2019-07-17,803
2019-07-18,760
2019-07-19,802
2019-07-20,830
2019-07-21,774
2019-07-22,791
2019-07-23,789
2019-07-24,745
2019-07-25,802
2019-07-26,816
2019-07-27,826
2019-07-28,833
2019-07-29,816
2019-07-30,777
2019-07-31,713
2019-08-01,928
2019-08-02,881
2019-08-03,870
2019-08-04,843
2019-08-05,810
2019-08-06,786
2019-08-07,781
2019-08-08,821
2019-08-09,796
2019-08-10,801
2019-08-11,802
2019-08-12,709
2019-08-13,764
2019-08-14,794
2019-08-15,813
2019-08-16,775
2019-08-17,812
2019-08-18,761
2019-08-19,791
2019-08-20,733
2019-08-21,722
2019-08-22,754
2019-08-23,781
2019-08-24,819
2019-08-25,767
2019-08-26,730
2019-08-27,733
2019-08-28,754
2019-08-29,774
2019-08-30,769
2019-08-31,774
2019-09-01,898
2019-09-02,778
2019-09-03,682
2019-09-04,685
2019-09-05,651
2019-09-06,775
2019-09-07,738
2019-09-08,720
2019-09-09,779
2019-09-10,722
2019-09-11,752
2019-09-12,785
2019-09-13,818
2019-09-14,764
2019-09-15,785
2019-09-16,806
2019-09-17,782
2019-09-18,756
2019-09-19,789
2019-09-20,817
2019-09-21,757
2019-09-22,657
2019-09-23,768
2019-09-24,758
2019-09-25,713
2019-09-26,709
2019-09-27,668
2019-09-28,700
2019-09-29,712
2019-09-30,753
2019-10-01,889
2019-10-02,732
2019-10-03,732
2019-10-04,716
2019-10-05,725
2019-10-06,670
2019-10-07,748
2019-10-08,712
2019-10-09,736
2019-10-10,648
2019-10-11,730
2019-10-12,730
2019-10-13,697
2019-10-14,686
2019-10-15,746
2019-10-16,742
2019-10-17,676
2019-10-18,704
2019-10-19,719
2019-10-20,720
2019-10-21,713
2019-10-22,659
2019-10-23,701
2019-10-24,716
2019-10-25,752
2019-10-26,560
2019-10-27,702
2019-10-28,663
2019-10-29,637
2019-10-30,578
2019-10-31,590
2019-11-01,869
2019-11-02,665
2019-11-03,721
2019-11-04,672
2019-11-05,636
2019-11-06,663
2019-11-07,665
2019-11-08,681
2019-11-09,710
2019-11-10,652
2019-11-11,495
2019-11-12,548
2019-11-13,578
2019-11-14,579
2019-11-15,761
2019-11-16,664
2019-11-17,702
2019-11-18,683
2019-11-19,687
2019-11-20,730
2019-11-21,663
2019-11-22,728
2019-11-23,702
2019-11-24,699
2019-11-25,696
2019-11-26,678
2019-11-27,637
2019-11-28,508
2019-11-29,649
2019-11-30,663
2019-12-01,729
2019-12-02,710
2019-12-03,693
2019-12-04,746
2019-12-05,700
2019-12-06,737
2019-12-07,702
2019-12-08,671
2019-12-09,708
2019-12-10,675
2019-12-11,606
2019-12-12,656
2019-12-13,733
2019-12-14,681
2019-12-15,658
2019-12-16,625
2019-12-17,671
2019-12-18,654
2019-12-19,685
2019-12-20,727
2019-12-21,747
2019-12-22,682
2019-12-23,691
2019-12-24,624
2019-12-25,511
2019-12-26,610
2019-12-27,695
2019-12-28,640
2019-12-29,689
2019-12-30,617
2019-12-31,551
2020-01-01,1007
2020-01-02,636
2020-01-03,700
2020-01-04,638
2020-01-05,624
2020-01-06,692
2020-01-07,629
2020-01-08,647
2020-01-09,632
2020-01-10,624
2020-01-11,560
2020-01-12,575
2020-01-13,650
2020-01-14,663
2020-01-15,655
2020-01-16,676
2020-01-17,582
2020-01-18,561
2020-01-19,504
2020-01-20,621
2020-01-21,585
2020-01-22,633
2020-01-23,592
2020-01-24,659
2020-01-25,663
2020-01-26,605
2020-01-27,698
2020-01-28,682
2020-01-29,621
2020-01-30,619
2020-01-31,711
2020-02-01,814
2020-02-02,667
2020-02-03,746
2020-02-04,649
2020-02-05,634
2020-02-06,555
2020-02-07,695
2020-02-08,627
2020-02-09,564
2020-02-10,630
2020-02-11,644
2020-02-12,630
2020-02-13,549
2020-02-14,587
2020-02-15,596
2020-02-16,619
2020-02-17,603
2020-02-18,669
2020-02-19,584
2020-02-20,609
2020-02-21,657
2020-02-22,685
2020-02-23,660
2020-02-24,601
2020-02-25,518
2020-02-26,603
2020-02-27,565
2020-02-28,658
2020-02-29,588
2020-03-01,755
2020-03-02,603
2020-03-03,636
2020-03-04,625
2020-03-05,589
2020-03-06,708
2020-03-07,591
2020-03-08,640
2020-03-09,571
2020-03-10,565
2020-03-11,591
2020-03-12,633
2020-03-13,677
2020-03-14,619
2020-03-15,594
2020-03-16,530
2020-03-17,578
2020-03-18,530
2020-03-19,474
2020-03-20,502
2020-03-21,440
2020-03-22,378
2020-03-23,397
2020-03-24,425
2020-03-25,439
2020-03-26,425
2020-03-27,426
2020-03-28,470
2020-03-29,502
2020-03-30,450
2020-03-31,388
2020-04-01,540
2020-04-02,376
2020-04-03,509
2020-04-04,450
2020-04-05,408
2020-04-06,451
2020-04-07,458
2020-04-08,445
2020-04-09,429
2020-04-10,427
2020-04-11,450
2020-04-12,386
2020-04-13,398
2020-04-14,368
2020-04-15,415
2020-04-16,405
2020-04-17,425
2020-04-18,464
2020-04-19,344
2020-04-20,504
2020-04-21,421
2020-04-22,431
2020-04-23,441
2020-04-24,440
2020-04-25,400
2020-04-26,423
2020-04-27,400
2020-04-28,468
2020-04-29,424
2020-04-30,425
2020-05-01,588
2020-05-02,494
2020-05-03,491
2020-05-04,438
2020-05-05,444
2020-05-06,463
2020-05-07,420
2020-05-08,445
2020-05-09,464
2020-05-10,473
2020-05-11,452
2020-05-12,455
2020-05-13,522
2020-05-14,469
2020-05-15,552
2020-05-16,577
2020-05-17,439
2020-05-18,501
2020-05-19,474
2020-05-20,542
2020-05-21,496
2020-05-22,539
2020-05-23,555
2020-05-24,566
2020-05-25,645
2020-05-26,578
2020-05-27,569
2020-05-28,553
2020-05-29,583
2020-05-30,925
2020-05-31,1898
2020-06-01,943
2020-06-02,681
2020-06-03,622
2020-06-04,530
2020-06-05,544
2020-06-06,532
2020-06-07,558
2020-06-08,526
2020-06-09,498
2020-06-10,502
2020-06-11,555
2020-06-12,606
2020-06-13,505
2020-06-14,539
2020-06-15,577
2020-06-16,553
2020-06-17,605
2020-06-18,601
2020-06-19,605
2020-06-20,654
2020-06-21,595
2020-06-22,673
2020-06-23,578
2020-06-24,583
2020-06-25,613
2020-06-26,558
2020-06-27,579
2020-06-28,625
2020-06-29,556
2020-06-30,573
2020-07-01,713
2020-07-02,641
2020-07-03,688
2020-07-04,743
2020-07-05,724
2020-07-06,634
2020-07-07,559
2020-07-08,555
2020-07-09,560
2020-07-10,672
2020-07-11,630
2020-07-12,599
2020-07-13,666
2020-07-14,606
2020-07-15,609
2020-07-16,595
2020-07-17,660
2020-07-18,650
2020-07-19,628
2020-07-20,649
2020-07-21,634
2020-07-22,610
2020-07-23,567
2020-07-24,630
2020-07-25,652
2020-07-26,661
2020-07-27,620
2020-07-28,625
2020-07-29,621
2020-07-30,607
2020-07-31,633
2020-08-01,709
2020-08-02,567
2020-08-03,609
2020-08-04,544
2020-08-05,575
2020-08-06,605
2020-08-07,595
2020-08-08,670
2020-08-09,655
2020-08-10,950
2020-08-11,596
2020-08-12,604
2020-08-13,650
2020-08-14,645
2020-08-15,626
2020-08-16,670
2020-08-17,642
2020-08-18,619
2020-08-19,628
2020-08-20,640
2020-08-21,658
2020-08-22,643
2020-08-23,625
2020-08-24,637
2020-08-25,640
2020-08-26,652
2020-08-27,590
2020-08-28,668
2020-08-29,646
2020-08-30,662
2020-08-31,698
2020-09-01,681
2020-09-02,582
2020-09-03,575
2020-09-04,652
2020-09-05,673
2020-09-06,646
2020-09-07,607
2020-09-08,546
2020-09-09,544
2020-09-10,565
2020-09-11,660
2020-09-12,562
2020-09-13,584
2020-09-14,590
2020-09-15,608
2020-09-16,620
2020-09-17,536
2020-09-18,578
2020-09-19,592
2020-09-20,604
2020-09-21,569
2020-09-22,546
2020-09-23,639
2020-09-24,573
2020-09-25,681
2020-09-26,630
2020-09-27,654
2020-09-28,549
2020-09-29,520
2020-09-30,582
2020-10-01,647
2020-10-02,554
2020-10-03,607
2020-10-04,583
2020-10-05,567
2020-10-06,596
2020-10-07,615
2020-10-08,563
2020-10-09,657
2020-10-10,679
2020-10-11,653
2020-10-12,577
2020-10-13,592
2020-10-14,652
2020-10-15,647
2020-10-16,570
2020-10-17,620
2020-10-18,561
2020-10-19,529
2020-10-20,556
2020-10-21,582
2020-10-22,606
2020-10-23,583
2020-10-24,554
2020-10-25,652
2020-10-26,547
2020-10-27,518
2020-10-28,549
2020-10-29,582
2020-10-30,620
2020-10-31,625
2020-11-01,693
2020-11-02,604
2020-11-03,617
2020-11-04,660
2020-11-05,646
2020-11-06,669
2020-11-07,623
2020-11-08,597
2020-11-09,624
2020-11-10,600
2020-11-11,488
2020-11-12,522
2020-11-13,534
2020-11-14,472
2020-11-15,522
2020-11-16,520
2020-11-17,504
2020-11-18,505
2020-11-19,521
2020-11-20,646
2020-11-21,537
2020-11-22,512
2020-11-23,538
2020-11-24,511
2020-11-25,487
2020-11-26,394
2020-11-27,579
2020-11-28,493
2020-11-29,536
2020-11-30,496
2020-12-01,610
2020-12-02,511
2020-12-03,477
2020-12-04,579
2020-12-05,567
2020-12-06,567
2020-12-07,556
2020-12-08,549
2020-12-09,526
2020-12-10,583
2020-12-11,501
2020-12-12,503
2020-12-13,550
2020-12-14,554
2020-12-15,578
2020-12-16,528
2020-12-17,519
2020-12-18,565
2020-12-19,533
2020-12-20,558
2020-12-21,614
2020-12-22,579
2020-12-23,586
2020-12-24,499
2020-12-25,401
2020-12-26,440
2020-12-27,496
2020-12-28,528
2020-12-29,430
2020-12-30,474
2020-12-31,555
2021-01-01,796
2021-01-02,449
2021-01-03,516
2021-01-04,533
2021-01-05,541
2021-01-06,484
2021-01-07,579
2021-01-08,588
2021-01-09,494
2021-01-10,558
2021-01-11,488
2021-01-12,567
2021-01-13,517
2021-01-14,534
2021-01-15,582
2021-01-16,485
2021-01-17,542
2021-01-18,473
2021-01-19,522
2021-01-20,539
2021-01-21,591
2021-01-22,521
2021-01-23,527
2021-01-24,509
2021-01-25,538
2021-01-26,440
2021-01-27,517
2021-01-28,479
2021-01-29,493
2021-01-30,463
2021-01-31,341
2021-02-01,553
2021-02-02,503
2021-02-03,501
2021-02-04,435
2021-02-05,484
2021-02-06,404
2021-02-07,382
2021-02-08,415
2021-02-09,440
2021-02-10,426
2021-02-11,439
2021-02-12,486
2021-02-13,424
2021-02-14,402
2021-02-15,337
2021-02-16,366
2021-02-17,436
2021-02-18,447
2021-02-19,490
2021-02-20,472
2021-02-21,464
2021-02-22,496
2021-02-23,547
2021-02-24,519
2021-02-25,534
2021-02-26,571
2021-02-27,569
2021-02-28,562
2021-03-01,634
2021-03-02,506
2021-03-03,567
2021-03-04,533
2021-03-05,533
2021-03-06,527
2021-03-07,490
2021-03-08,536
2021-03-09,591
2021-03-10,558
2021-03-11,500
2021-03-12,538
2021-03-13,509
2021-03-14,457
2021-03-15,495
2021-03-16,485
2021-03-17,520
2021-03-18,454
2021-03-19,506
2021-03-20,496
2021-03-21,556
2021-03-22,607
2021-03-23,501
2021-03-24,510
2021-03-25,473
2021-03-26,511
2021-03-27,479
2021-03-28,540
2021-03-29,503
2021-03-30,530
2021-03-31,493
2021-04-01,636
2021-04-02,511
2021-04-03,539
2021-04-04,547
2021-04-05,531
2021-04-06,552
2021-04-07,588
2021-04-08,489
2021-04-09,533
2021-04-10,520
2021-04-11,485
2021-04-12,532
2021-04-13,518
2021-04-14,467
2021-04-15,519
2021-04-16,529
2021-04-17,516
2021-04-18,457
2021-04-19,444
2021-04-20,442
2021-04-21,463
2021-04-22,500
2021-04-23,517
2021-04-24,535
2021-04-25,506
2021-04-26,537
2021-04-27,611
2021-04-28,530
2021-04-29,457
2021-04-30,602
2021-05-01,709
2021-05-02,623
2021-05-03,555
2021-05-04,479
2021-05-05,587
2021-05-06,505
2021-05-07,519
2021-05-08,546
2021-05-09,527
2021-05-10,531
2021-05-11,539
2021-05-12,494
2021-05-13,546
2021-05-14,618
2021-05-15,616
2021-05-16,564
2021-05-17,600
2021-05-18,559
2021-05-19,588
2021-05-20,578
2021-05-21,627
2021-05-22,675
2021-05-23,651
2021-05-24,661
2021-05-25,639
2021-05-26,571
2021-05-27,511
2021-05-28,504
2021-05-29,571
2021-05-30,590
2021-05-31,545
2021-06-01,701
2021-06-02,601
2021-06-03,626
2021-06-04,604
2021-06-05,612
2021-06-06,717
2021-06-07,652
2021-06-08,678
2021-06-09,608
2021-06-10,628
2021-06-11,665
2021-06-12,602
2021-06-13,672
2021-06-14,654
2021-06-15,612
2021-06-16,593
2021-06-17,563
2021-06-18,642
2021-06-19,717
2021-06-20,707
2021-06-21,602
2021-06-22,635
2021-06-23,588
2021-06-24,583
2021-06-25,547
2021-06-26,565
2021-06-27,689
2021-06-28,647
2021-06-29,542
2021-06-30,581
2021-07-01,714
2021-07-02,648
2021-07-03,666
2021-07-04,690
2021-07-05,673
2021-07-06,562
2021-07-07,609
2021-07-08,581
2021-07-09,611
2021-07-10,618
2021-07-11,537
2021-07-12,580
2021-07-13,616
2021-07-14,572
2021-07-15,531
2021-07-16,611
2021-07-17,628
2021-07-18,592
2021-07-19,568
2021-07-20,579
2021-07-21,573
2021-07-22,604
2021-07-23,632
2021-07-24,613
2021-07-25,643
2021-07-26,639
2021-07-27,623
2021-07-28,593
2021-07-29,714
2021-07-30,647
2021-07-31,789
2021-08-01,767
2021-08-02,605
2021-08-03,542
2021-08-04,594
2021-08-05,581
2021-08-06,590
2021-08-07,613
2021-08-08,621
2021-08-09,568
2021-08-10,536
2021-08-11,552
2021-08-12,533
2021-08-13,565
2021-08-14,611
2021-08-15,599
2021-08-16,606
2021-08-17,591
2021-08-18,518
2021-08-19,561
2021-08-20,604
2021-08-21,679
2021-08-22,610
2021-08-23,636
2021-08-24,560
2021-08-25,569
2021-08-26,585
2021-08-27,673
2021-08-28,619
2021-08-29,650
2021-08-30,618
2021-08-31,597
2021-09-01,741
2021-09-02,553
2021-09-03,646
2021-09-04,667
2021-09-05,671
2021-09-06,629
2021-09-07,568
2021-09-08,576
2021-09-09,614
2021-09-10,674
2021-09-11,656
2021-09-12,674
2021-09-13,687
2021-09-14,644
2021-09-15,662
2021-09-16,674
2021-09-17,617
2021-09-18,656
2021-09-19,709
2021-09-20,656
2021-09-21,628
2021-09-22,623
2021-09-23,619
2021-09-24,595
2021-09-25,637
2021-09-26,617
2021-09-27,631
2021-09-28,665
2021-09-29,646
2021-09-30,613
2021-10-01,824
2021-10-02,699
2021-10-03,691
2021-10-04,624
2021-10-05,635
2021-10-06,666
2021-10-07,579
2021-10-08,638
2021-10-09,649
2021-10-10,640
2021-10-11,564
2021-10-12,632
2021-10-13,605
2021-10-14,607
2021-10-15,631
2021-10-16,605
2021-10-17,620
2021-10-18,639
2021-10-19,561
2021-10-20,605
2021-10-21,632
2021-10-22,608
2021-10-23,645
2021-10-24,485
2021-10-25,578
2021-10-26,634
2021-10-27,605
2021-10-28,593
2021-10-29,611
2021-10-30,616
2021-10-31,657
2021-11-01,693
2021-11-02,603
2021-11-03,594
2021-11-04,574
2021-11-05,573
2021-11-06,630
2021-11-07,639
2021-11-08,660
2021-11-09,626
2021-11-10,626
2021-11-11,567
2021-11-12,547
2021-11-13,589
2021-11-14,560
2021-11-15,594
2021-11-16,596
2021-11-17,529
2021-11-18,578
2021-11-19,574
2021-11-20,609
2021-11-21,585
2021-11-22,541
2021-11-23,502
2021-11-24,598
2021-11-25,411
2021-11-26,545
2021-11-27,548
2021-11-28,566
2021-11-29,599
2021-11-30,570
2021-12-01,707
2021-12-02,628
2021-12-03,675
2021-12-04,599
2021-12-05,555
2021-12-06,556
2021-12-07,524
2021-12-08,603
2021-12-09,584
2021-12-10,597
2021-12-11,550
2021-12-12,594
2021-12-13,606
2021-12-14,564
2021-12-15,629
2021-12-16,603
2021-12-17,572
2021-12-18,576
2021-12-19,509
2021-12-20,540
2021-12-21,508
2021-12-22,482
2021-12-23,537
2021-12-24,483
2021-12-25,469
2021-12-26,444
2021-12-27,512
2021-12-28,459
2021-12-29,499
2021-12-30,552
2021-12-31,606
2022-01-01,772
2022-01-02,407
2022-01-03,423
2022-01-04,474
2022-01-05,419
2022-01-06,479
2022-01-07,485
2022-01-08,419
2022-01-09,420
2022-01-10,466
2022-01-11,461
2022-01-12,526
2022-01-13,562
2022-01-14,609
2022-01-15,536
2022-01-16,519
2022-01-17,491
2022-01-18,617
2022-01-19,533
2022-01-20,498
2022-01-21,562
2022-01-22,533
2022-01-23,437
2022-01-24,452
2022-01-25,496
2022-01-26,491
2022-01-27,576
2022-01-28,461
2022-01-29,492
2022-01-30,500
2022-01-31,509
2022-02-01,651
2022-02-02,396
2022-02-03,489
2022-02-04,547
2022-02-05,503
2022-02-06,499
2022-02-07,544
2022-02-08,593
2022-02-09,558
2022-02-10,588
2022-02-11,582
2022-02-12,581
2022-02-13,478
2022-02-14,567
2022-02-15,590
2022-02-16,598
2022-02-17,510
2022-02-18,516
2022-02-19,562
2022-02-20,493
2022-02-21,542
2022-02-22,562
2022-02-23,563
2022-02-24,519
2022-02-25,570
2022-02-26,529
2022-02-27,541
2022-02-28,564
2022-03-01,678
2022-03-02,586
2022-03-03,607
2022-03-04,648
2022-03-05,620
2022-03-06,533
2022-03-07,537
2022-03-08,588
2022-03-09,525
2022-03-10,584
2022-03-11,559
2022-03-12,634
2022-03-13,570
2022-03-14,597
2022-03-15,583
2022-03-16,622
2022-03-17,606
2022-03-18,582
2022-03-19,586
2022-03-20,661
2022-03-21,624
2022-03-22,639
2022-03-23,579
2022-03-24,604
2022-03-25,617
2022-03-26,583
2022-03-27,522
2022-03-28,601
2022-03-29,555
2022-03-30,578
2022-03-31,578
2022-04-01,776
2022-04-02,580
2022-04-03,585
2022-04-04,600
2022-04-05,581
2022-04-06,610
2022-04-07,593
2022-04-08,571
2022-04-09,573
2022-04-10,624
2022-04-11,578
2022-04-12,599
2022-04-13,554
2022-04-14,567
2022-04-15,637
2022-04-16,595
2022-04-17,527
2022-04-18,581
2022-04-19,546
2022-04-20,614
2022-04-21,612
2022-04-22,604
2022-04-23,705
2022-04-24,620
2022-04-25,569
2022-04-26,617
2022-04-27,594
2022-04-28,558
2022-04-29,616
2022-04-30,613
2022-05-01,707
2022-05-02,580
2022-05-03,552
2022-05-04,612
2022-05-05,636
2022-05-06,611
2022-05-07,567
2022-05-08,599
2022-05-09,652
2022-05-10,638
2022-05-11,689
2022-05-12,620
2022-05-13,710
2022-05-14,645
2022-05-15,691
2022-05-16,672
2022-05-17,654
2022-05-18,656
2022-05-19,686
2022-05-20,708
2022-05-21,588
2022-05-22,600
2022-05-23,673
2022-05-24,658
2022-05-25,672
2022-05-26,658
2022-05-27,666
2022-05-28,626
2022-05-29,697
2022-05-30,724
2022-05-31,692
2022-06-01,784
2022-06-02,668
2022-06-03,709
2022-06-04,610
2022-06-05,629
2022-06-06,651
2022-06-07,662
2022-06-08,637
2022-06-09,639
2022-06-10,663
2022-06-11,708
2022-06-12,692
2022-06-13,646
2022-06-14,663
2022-06-15,707
2022-06-16,721
2022-06-17,731
2022-06-18,727
2022-06-19,733
2022-06-20,761
2022-06-21,652
2022-06-22,699
2022-06-23,645
2022-06-24,760
2022-06-25,677
2022-06-26,733
2022-06-27,711
2022-06-28,730
2022-06-29,703
2022-06-30,742
2022-07-01,926
2022-07-02,750
2022-07-03,717
2022-07-04,711
2022-07-05,635
2022-07-06,661
2022-07-07,693
2022-07-08,691
2022-07-09,648
2022-07-10,684
2022-07-11,708
2022-07-12,673
2022-07-13,647
2022-07-14,690
2022-07-15,631
2022-07-16,685
2022-07-17,752
2022-07-18,783
2022-07-19,706
2022-07-20,697
2022-07-21,653
2022-07-22,759
2022-07-23,699
2022-07-24,721
2022-07-25,733
2022-07-26,713
2022-07-27,690
2022-07-28,746
2022-07-29,842
2022-07-30,871
2022-07-31,761
2022-08-01,789
2022-08-02,721
2022-08-03,742
2022-08-04,740
2022-08-05,792
2022-08-06,749
2022-08-07,705
2022-08-08,663
2022-08-09,686
2022-08-10,735
2022-08-11,730
2022-08-12,772
2022-08-13,705
2022-08-14,706
2022-08-15,718
2022-08-16,658
2022-08-17,701
2022-08-18,663
2022-08-19,725
2022-08-20,687
2022-08-21,677
2022-08-22,718
2022-08-23,699
2022-08-24,710
2022-08-25,697
2022-08-26,767
2022-08-27,773
2022-08-28,689
2022-08-29,726
2022-08-30,723
2022-08-31,739
2022-09-01,804
2022-09-02,828
2022-09-03,810
2022-09-04,714
2022-09-05,734
2022-09-06,760
2022-09-07,748
2022-09-08,762
2022-09-09,780
2022-09-10,793
2022-09-11,663
2022-09-12,731
2022-09-13,675
2022-09-14,704
2022-09-15,716
2022-09-16,744
2022-09-17,742
2022-09-18,742
2022-09-19,786
2022-09-20,746
2022-09-21,810
2022-09-22,734
2022-09-23,732
2022-09-24,751
2022-09-25,663
2022-09-26,715
2022-09-27,682
2022-09-28,742
2022-09-29,743
2022-09-30,781
2022-10-01,863
2022-10-02,715
2022-10-03,718
2022-10-04,703
2022-10-05,735
2022-10-06,757
2022-10-07,715
2022-10-08,740
2022-10-09,666
2022-10-10,717
2022-10-11,688
2022-10-12,749
2022-10-13,681
2022-10-14,716
2022-10-15,789
2022-10-16,752
2022-10-17,733
2022-10-18,688
2022-10-19,728
2022-10-20,718
2022-10-21,768
2022-10-22,865
2022-10-23,871
2022-10-24,860
2022-10-25,709
2022-10-26,745
2022-10-27,752
2022-10-28,783
2022-10-29,771
2022-10-30,731
2022-10-31,782
2022-11-01,903
2022-11-02,774
2022-11-03,775
2022-11-04,786
2022-11-05,696
2022-11-06,741
2022-11-07,692
2022-11-08,635
2022-11-09,671
2022-11-10,721
2022-11-11,781
2022-11-12,723
2022-11-13,678
2022-11-14,624
2022-11-15,601
2022-11-16,649
2022-11-17,641
2022-11-18,704
2022-11-19,642
2022-11-20,601
2022-11-21,678
2022-11-22,669
2022-11-23,734
2022-11-24,569
2022-11-25,658
2022-11-26,700
2022-11-27,665
2022-11-28,713
2022-11-29,707
2022-11-30,663
2022-12-01,754
2022-12-02,773
2022-12-03,653
2022-12-04,691
2022-12-05,679
2022-12-06,755
2022-12-07,746
2022-12-08,718
2022-12-09,650
2022-12-10,748
2022-12-11,719
2022-12-12,735
2022-12-13,673
2022-12-14,638
2022-12-15,596
2022-12-16,654
2022-12-17,645
2022-12-18,617
2022-12-19,612
2022-12-20,670
2022-12-21,673
2022-12-22,551
2022-12-23,413
2022-12-24,392
2022-12-25,415
2022-12-26,469
2022-12-27,586
2022-12-28,621
2022-12-29,651
2022-12-30,674
2022-12-31,726
2023-01-01,992
2023-01-02,651
2023-01-03,735
2023-01-04,683
2023-01-05,656
2023-01-06,724
2023-01-07,713
2023-01-08,610
2023-01-09,661
2023-01-10,655
2023-01-11,750
2023-01-12,674
2023-01-13,698
2023-01-14,761
2023-01-15,758
2023-01-16,680
2023-01-17,734
2023-01-18,683
2023-01-19,683
2023-01-20,679
2023-01-21,720
2023-01-22,649
2023-01-23,679
2023-01-24,632
2023-01-25,615
2023-01-26,595
2023-01-27,647
2023-01-28,647
2023-01-29,546
2023-01-30,578
2023-01-31,533
2023-02-01,689
2023-02-02,642
2023-02-03,635
2023-02-04,692
2023-02-05,634
2023-02-06,691
2023-02-07,688
2023-02-08,642
2023-02-09,615
2023-02-10,710
2023-02-11,721
2023-02-12,668
2023-02-13,658
2023-02-14,684
2023-02-15,621
2023-02-16,609
2023-02-17,679
2023-02-18,669
2023-02-19,728
2023-02-20,632
2023-02-21,597
2023-02-22,548
2023-02-23,645
2023-02-24,624
2023-02-25,645
2023-02-26,669
2023-02-27,633
2023-02-28,674
2023-03-01,721
2023-03-02,591
2023-03-03,685
2023-03-04,603
2023-03-05,654
2023-03-06,651
2023-03-07,685
2023-03-08,635
2023-03-09,612
2023-03-10,688
2023-03-11,669
2023-03-12,556
2023-03-13,652
2023-03-14,632
2023-03-15,710
2023-03-16,679
2023-03-17,661
2023-03-18,618
2023-03-19,650
2023-03-20,702
2023-03-21,683
2023-03-22,671
2023-03-23,674
2023-03-24,713
2023-03-25,675
2023-03-26,676
2023-03-27,658
2023-03-28,720
2023-03-29,680
2023-03-30,663
2023-03-31,751
2023-04-01,818
2023-04-02,676
2023-04-03,668
2023-04-04,668
2023-04-05,673
2023-04-06,677
2023-04-07,689
2023-04-08,696
2023-04-09,679
2023-04-10,700
2023-04-11,682
2023-04-12,727
2023-04-13,723
2023-04-14,790
2023-04-15,776
2023-04-16,680
2023-04-17,621
2023-04-18,681
2023-04-19,699
2023-04-20,703
2023-04-21,673
2023-04-22,697
2023-04-23,651
2023-04-24,630
2023-04-25,665
2023-04-26,631
2023-04-27,682
2023-04-28,708
2023-04-29,595
2023-04-30,664
2023-05-01,706
2023-05-02,657
2023-05-03,662
2023-05-04,670
2023-05-05,668
2023-05-06,681
2023-05-07,679
2023-05-08,687
2023-05-09,748
2023-05-10,740
2023-05-11,720
2023-05-12,692
2023-05-13,664
2023-05-14,666
2023-05-15,702
2023-05-16,717
2023-05-17,680
2023-05-18,741
2023-05-19,719
2023-05-20,721
2023-05-21,750
2023-05-22,800
2023-05-23,737
2023-05-24,710
2023-05-25,727
2023-05-26,728
2023-05-27,749
2023-05-28,806
2023-05-29,742
2023-05-30,704
2023-05-31,696
2023-06-01,811
2023-06-02,799
2023-06-03,776
2023-06-04,730
2023-06-05,784
2023-06-06,730
2023-06-07,725
2023-06-08,658
2023-06-09,694
2023-06-10,772
2023-06-11,664
2023-06-12,722
2023-06-13,694
2023-06-14,708
2023-06-15,709
2023-06-16,726
2023-06-17,729
2023-06-18,794
2023-06-19,732
2023-06-20,787
2023-06-21,706
2023-06-22,779
2023-06-23,806
2023-06-24,768
2023-06-25,869
2023-06-26,816
2023-06-27,775
2023-06-28,672
2023-06-29,734
2023-06-30,806
2023-07-01,859
2023-07-02,650
2023-07-03,808
2023-07-04,826
2023-07-05,800
2023-07-06,714
2023-07-07,756
2023-07-08,759
2023-07-09,811
2023-07-10,775
2023-07-11,725
2023-07-12,745
2023-07-13,780
2023-07-14,777
2023-07-15,783
2023-07-16,780
2023-07-17,793
2023-07-18,793
2023-07-19,755
2023-07-20,742
2023-07-21,792
2023-07-22,711
2023-07-23,762
2023-07-24,751
2023-07-25,781
2023-07-26,759
2023-07-27,730
2023-07-28,748
2023-07-29,726
2023-07-30,811
2023-07-31,772
2023-08-01,872
2023-08-02,808
2023-08-03,823
2023-08-04,896
2023-08-05,823
2023-08-06,783
2023-08-07,810
2023-08-08,762
2023-08-09,732
2023-08-10,755
2023-08-11,742
2023-08-12,817
2023-08-13,821
2023-08-14,658
2023-08-15,688
2023-08-16,761
2023-08-17,773
2023-08-18,715
2023-08-19,807
2023-08-20,782
2023-08-21,711
2023-08-22,738
2023-08-23,680
2023-08-24,761
2023-08-25,826
2023-08-26,823
2023-08-27,755
2023-08-28,725
2023-08-29,745
2023-08-30,762
2023-08-31,726
2023-09-01,835
2023-09-02,811
2023-09-03,811
2023-09-04,747
2023-09-05,809
2023-09-06,721
2023-09-07,741
2023-09-08,719
2023-09-09,751
2023-09-10,702
2023-09-11,661
2023-09-12,611
2023-09-13,688
2023-09-14,659
2023-09-15,797
2023-09-16,729
2023-09-17,789
2023-09-18,701
2023-09-19,628
2023-09-20,781
2023-09-21,727
2023-09-22,722
2023-09-23,788
2023-09-24,811
2023-09-25,716
2023-09-26,742
2023-09-27,720
2023-09-28,691
2023-09-29,777
2023-09-30,759
2023-10-01,792
2023-10-02,772
2023-10-03,716
2023-10-04,786
2023-10-05,734
2023-10-06,718
2023-10-07,641
2023-10-08,705
2023-10-09,735
2023-10-10,667
2023-10-11,646
2023-10-12,636
2023-10-13,713
2023-10-14,701
2023-10-15,784
2023-10-16,676
2023-10-17,721
2023-10-18,748
2023-10-19,692
2023-10-20,747
2023-10-21,689
2023-10-22,686
2023-10-23,708
2023-10-24,774
2023-10-25,730
2023-10-26,709
2023-10-27,16
